线路,车牌号,方向,发车时间,计划发车时间,发车时间依据,到达时间,全程时间,班次类型,班次类型判定依据,到达置信度,到达估算方法,参与车速排名,本车首次观测,最后可靠采集站点,最后可靠预计到达时间,备注,当日车速排名,当日计入排名班次,当日平均全程时间（分钟）
182路,沪A02126A,0,08:31,08:31,SHMAAS待发计划,待确认,,运行异常待查,末次同向观测已进入线路末段，存在终点漏采可能,D,证据不足,否,07:51,金杨路枣庄路,09:45,存在终点ETA，但运行轨迹仍需复核,,0,
182路,沪A02126A,1,10:35,10:35,SHMAAS待发计划,待确认,,运行异常待查,末次同向观测已进入线路末段，存在终点漏采可能,D,证据不足,否,07:51,川沙客运站,11:42,存在终点ETA，但运行轨迹仍需复核,,0,
182路,沪A02126A,0,12:20,12:20,SHMAAS待发计划,待确认,,运行异常待查,末次同向观测已进入线路末段，存在终点漏采可能,D,证据不足,否,07:51,金杨路金口路,13:26,存在终点ETA，但运行轨迹仍需复核,,0,
182路,沪A02126A,1,13:50,13:50,SHMAAS待发计划,待确认,,全程车,未发现可靠中途折返证据,D,证据不足,否,07:51,,,,,0,
182路,沪A12050A,0,07:48,07:48,SHMAAS待发计划,待确认,,运行异常待查,末次同向观测已进入线路末段，存在终点漏采可能,D,证据不足,否,07:21,平度路长岛路,09:11,存在终点ETA，但运行轨迹仍需复核,1,1,69
182路,沪A12050A,1,09:50,09:50,SHMAAS待发计划,待确认,,运行异常待查,末次同向观测已进入线路末段，存在终点漏采可能,D,证据不足,否,07:21,川沙客运站,11:04,存在终点ETA，但运行轨迹仍需复核,1,1,69
182路,沪A12050A,0,11:55,11:55,SHMAAS待发计划,待确认,,运行异常待查,末次同向观测已进入线路末段，存在终点漏采可能,D,证据不足,否,07:21,金杨路枣庄路,13:04,存在终点ETA，但运行轨迹仍需复核,1,1,69
182路,沪A12050A,1,13:25,13:25,SHMAAS待发计划,14:34,69,全程车,未发现可靠中途折返证据,C,末次终点ETA,是,07:21,,,末次终点ETA推算，约±15分钟,1,1,69
182路,沪A31073D,0,07:24,07:24,SHMAAS待发计划,待确认,,运行异常待查,末次同向观测已进入线路末段，存在终点漏采可能,D,证据不足,否,06:01,金杨路枣庄路,08:56,存在终点ETA，但运行轨迹仍需复核,4,1,71
182路,沪A31073D,1,09:22,09:22,SHMAAS待发计划,待确认,,运行异常待查,末次同向观测已进入线路末段，存在终点漏采可能,D,证据不足,否,06:01,川环南路妙境路,10:38,存在终点ETA，但运行轨迹仍需复核,4,1,71
182路,沪A31073D,0,12:45,12:45,SHMAAS待发计划,13:56,71,全程车,未发现可靠中途折返证据,A,终点近站ETA,是,06:01,,,终点近站ETA推算，约±5分钟,4,1,71
182路,沪A31073D,1,14:15,14:15,SHMAAS待发计划,待确认,,全程车,未发现可靠中途折返证据,D,证据不足,否,06:01,,,,4,1,71
182路,沪A32298D,0,06:48,06:48,SHMAAS待发计划,待确认,,运行异常待查,末次同向观测已进入线路末段，存在终点漏采可能,D,证据不足,否,06:11,金杨路金口路,08:18,存在终点ETA，但运行轨迹仍需复核,9,1,76
182路,沪A32298D,1,08:35,08:35,SHMAAS待发计划,待确认,,运行异常待查,末次同向观测已进入线路末段，存在终点漏采可能,D,证据不足,否,06:11,川环南路妙境路,09:48,存在终点ETA，但运行轨迹仍需复核,9,1,76
182路,沪A32298D,0,10:40,10:40,SHMAAS待发计划,待确认,,运行异常待查,末次同向观测已进入线路末段，存在终点漏采可能,D,证据不足,否,06:11,金杨路金口路,11:52,存在终点ETA，但运行轨迹仍需复核,9,1,76
182路,沪A32298D,1,12:20,12:20,SHMAAS待发计划,13:36,76,全程车,未发现可靠中途折返证据,A,终点近站ETA,是,06:11,,,终点近站ETA推算，约±5分钟,9,1,76
182路,沪A32597D,0,07:00,07:00,SHMAAS待发计划,待确认,,运行异常待查,末次同向观测已进入线路末段，存在终点漏采可能,D,证据不足,否,06:31,金杨路金口路,08:32,存在终点ETA，但运行轨迹仍需复核,8,1,74
182路,沪A32597D,1,08:55,08:55,SHMAAS待发计划,10:09,74,全程车,未发现可靠中途折返证据,A,多次终点ETA一致,是,06:31,,,多次终点ETA一致推算，约±3分钟,8,1,74
182路,沪A32597D,0,15:00,15:00,SHMAAS待发计划,待确认,,全程车,未发现可靠中途折返证据,D,证据不足,否,06:31,,,,8,1,74
182路,沪A35717D,1,06:35,06:35,SHMAAS待发计划,待确认,,运行异常待查,末次同向观测已进入线路末段，存在终点漏采可能,D,证据不足,否,06:01,川沙客运站,08:03,存在终点ETA，但运行轨迹仍需复核,,0,
182路,沪A35717D,0,08:15,08:15,SHMAAS待发计划,待确认,,运行异常待查,末次同向观测已进入线路末段，存在终点漏采可能,D,证据不足,否,06:01,金杨路金桥路,09:32,存在终点ETA，但运行轨迹仍需复核,,0,
182路,沪A35717D,1,10:20,10:20,SHMAAS待发计划,待确认,,运行异常待查,末次同向观测已进入线路末段，存在终点漏采可能,D,证据不足,否,06:01,川沙客运站,11:38,存在终点ETA，但运行轨迹仍需复核,,0,
182路,沪A35717D,0,13:35,13:35,SHMAAS待发计划,14:48,73,全程车,未发现可靠中途折返证据,D,末次终点ETA,否,06:01,,,末次终点ETA推算，约±20分钟,,0,
182路,沪A35717D,1,15:00,15:00,SHMAAS待发计划,待确认,,全程车,未发现可靠中途折返证据,D,证据不足,否,06:01,,,,,0,
182路,沪A51671D,0,06:05,06:05,SHMAAS待发计划,待确认,,运行异常待查,末次同向观测已进入线路末段，存在终点漏采可能,D,证据不足,否,06:01,金杨路金口路,07:26,存在终点ETA，但运行轨迹仍需复核,11,1,82
182路,沪A51671D,1,07:35,07:35,SHMAAS待发计划,待确认,,运行异常待查,末次同向观测已进入线路末段，存在终点漏采可能,D,证据不足,否,06:01,新川路川沙路,09:12,存在终点ETA，但运行轨迹仍需复核,11,1,82
182路,沪A51671D,0,09:30,09:30,SHMAAS待发计划,待确认,,运行异常待查,末次同向观测已进入线路末段，存在终点漏采可能,D,证据不足,否,06:01,金杨路金口路,10:46,存在终点ETA，但运行轨迹仍需复核,11,1,82
182路,沪A51671D,1,11:20,11:20,SHMAAS待发计划,12:42,82,全程车,未发现可靠中途折返证据,A,终点近站ETA,是,06:01,,,终点近站ETA推算，约±2分钟,11,1,82
182路,沪A51671D,0,14:40,14:40,SHMAAS待发计划,待确认,,全程车,未发现可靠中途折返证据,D,证据不足,否,06:01,,,,11,1,82
182路,沪A55712D,1,06:55,06:55,SHMAAS待发计划,待确认,,运行异常待查,末次同向观测已进入线路末段，存在终点漏采可能,D,证据不足,否,06:01,川沙客运站,08:26,存在终点ETA，但运行轨迹仍需复核,,0,
182路,沪A55712D,0,08:50,08:50,SHMAAS待发计划,待确认,,运行异常待查,末次同向观测已进入线路末段，存在终点漏采可能,D,证据不足,否,06:01,金杨路金口路,10:02,存在终点ETA，但运行轨迹仍需复核,,0,
182路,沪A55712D,1,10:50,10:50,SHMAAS待发计划,待确认,,运行异常待查,末次同向观测已进入线路末段，存在终点漏采可能,D,证据不足,否,06:01,川沙客运站,12:02,存在终点ETA，但运行轨迹仍需复核,,0,
182路,沪A55712D,0,14:00,14:00,SHMAAS待发计划,待确认,,全程车,未发现可靠中途折返证据,D,证据不足,否,06:01,,,,,0,
182路,沪A66513D,1,06:10,06:10,SHMAAS待发计划,待确认,,运行异常待查,末次同向观测已进入线路末段，存在终点漏采可能,D,证据不足,否,06:01,川环南路妙境路,07:17,存在终点ETA，但运行轨迹仍需复核,5,1,72
182路,沪A66513D,0,08:00,08:00,SHMAAS待发计划,待确认,,运行异常待查,末次同向观测已进入线路末段，存在终点漏采可能,D,证据不足,否,06:01,金杨路金业路,09:21,存在终点ETA，但运行轨迹仍需复核,5,1,72
182路,沪A66513D,1,10:05,10:05,SHMAAS待发计划,待确认,,运行异常待查,末次同向观测已进入线路末段，存在终点漏采可能,D,证据不足,否,06:01,川环南路川沙路,11:13,存在终点ETA，但运行轨迹仍需复核,5,1,72
182路,沪A66513D,0,13:10,13:10,SHMAAS待发计划,14:22,72,全程车,未发现可靠中途折返证据,A,多次终点ETA一致,是,06:01,,,多次终点ETA一致推算，约±4分钟,5,1,72
182路,沪A66513D,1,14:40,14:40,SHMAAS待发计划,待确认,,全程车,未发现可靠中途折返证据,D,证据不足,否,06:01,,,,5,1,72
182路,沪A67026D,0,06:35,06:35,SHMAAS待发计划,待确认,,运行异常待查,末次同向观测已进入线路末段，存在终点漏采可能,D,证据不足,否,06:01,金杨路枣庄路,08:04,存在终点ETA，但运行轨迹仍需复核,6,1,72
182路,沪A67026D,1,08:15,08:15,SHMAAS待发计划,待确认,,运行异常待查,末次同向观测已进入线路末段，存在终点漏采可能,D,证据不足,否,06:01,川环南路妙境路,09:42,存在终点ETA，但运行轨迹仍需复核,6,1,72
182路,沪A67026D,0,10:15,10:15,SHMAAS待发计划,待确认,,运行异常待查,存在方向切换，但未达到提前反向80%判据,D,证据不足,否,06:01,荷泽路长岛路,11:21,存在终点ETA，但运行轨迹仍需复核,6,1,72
182路,沪A67026D,1,12:00,12:00,SHMAAS待发计划,13:12,72,全程车,未发现可靠中途折返证据,A,终点近站ETA,是,06:01,,,终点近站ETA推算，约±2分钟,6,1,72
182路,沪A67353D,0,06:20,06:20,SHMAAS待发计划,待确认,,运行异常待查,末次同向观测已进入线路末段，存在终点漏采可能,D,证据不足,否,06:01,金杨路金口路,07:42,存在终点ETA，但运行轨迹仍需复核,10,1,77
182路,沪A67353D,1,07:55,07:55,SHMAAS待发计划,待确认,,运行异常待查,末次同向观测已进入线路末段，存在终点漏采可能,D,证据不足,否,06:01,川环南路川沙路,09:34,存在终点ETA，但运行轨迹仍需复核,10,1,77
182路,沪A67353D,0,09:50,09:50,SHMAAS待发计划,待确认,,运行异常待查,末次同向观测已进入线路末段，存在终点漏采可能,D,证据不足,否,06:01,平度路长岛路,10:53,存在终点ETA，但运行轨迹仍需复核,10,1,77
182路,沪A67353D,1,11:40,11:40,SHMAAS待发计划,12:57,77,全程车,未发现可靠中途折返证据,A,多次终点ETA一致,是,06:01,,,多次终点ETA一致推算，约±3分钟,10,1,77
182路,沪A67983D,1,07:15,07:15,SHMAAS待发计划,待确认,,运行异常待查,末次同向观测已进入线路末段，存在终点漏采可能,D,证据不足,否,06:01,川环南路妙境路,08:52,存在终点ETA，但运行轨迹仍需复核,7,1,72
182路,沪A67983D,0,09:10,09:10,SHMAAS待发计划,待确认,,运行异常待查,末次同向观测已进入线路末段，存在终点漏采可能,D,证据不足,否,06:01,金杨路金口路,10:22,存在终点ETA，但运行轨迹仍需复核,7,1,72
182路,沪A67983D,1,11:05,11:05,SHMAAS待发计划,12:17,72,全程车,未发现可靠中途折返证据,A,多次终点ETA一致,是,06:01,,,多次终点ETA一致推算，约±3分钟,7,1,72
182路,沪A67983D,0,14:20,14:20,SHMAAS待发计划,待确认,,全程车,未发现可靠中途折返证据,D,证据不足,否,06:01,,,,7,1,72
182路,沪A68397D,0,07:12,07:12,SHMAAS待发计划,待确认,,运行异常待查,末次同向观测已进入线路末段，存在终点漏采可能,D,证据不足,否,06:41,金杨路金业路,08:32,存在终点ETA，但运行轨迹仍需复核,2,1,69
182路,沪A68397D,1,09:10,09:10,SHMAAS待发计划,待确认,,运行异常待查,末次同向观测已进入线路末段，存在终点漏采可能,D,证据不足,否,06:41,川环南路川沙路,10:23,存在终点ETA，但运行轨迹仍需复核,2,1,69
182路,沪A68397D,0,11:05,11:05,SHMAAS待发计划,待确认,,运行异常待查,末次同向观测已进入线路末段，存在终点漏采可能,D,证据不足,否,06:41,金杨路枣庄路,12:13,存在终点ETA，但运行轨迹仍需复核,2,1,69
182路,沪A68397D,1,12:40,12:40,SHMAAS待发计划,13:49,69,全程车,未发现可靠中途折返证据,A,多次终点ETA一致,是,06:41,,,多次终点ETA一致推算，约±3分钟,2,1,69
182路,沪A68870D,0,07:36,07:36,SHMAAS待发计划,待确认,,运行异常待查,末次同向观测已进入线路末段，存在终点漏采可能,D,证据不足,否,07:11,金杨路金口路,09:12,存在终点ETA，但运行轨迹仍需复核,3,1,70
182路,沪A68870D,1,09:35,09:35,SHMAAS待发计划,待确认,,运行异常待查,末次同向观测已进入线路末段，存在终点漏采可能,D,证据不足,否,07:11,川沙客运站,10:46,存在终点ETA，但运行轨迹仍需复核,3,1,70
182路,沪A68870D,0,11:30,11:30,SHMAAS待发计划,待确认,,运行异常待查,末次同向观测已进入线路末段，存在终点漏采可能,D,证据不足,否,07:11,平度路长岛路,12:32,存在终点ETA，但运行轨迹仍需复核,3,1,70
182路,沪A68870D,1,13:00,13:00,SHMAAS待发计划,14:10,70,全程车,未发现可靠中途折返证据,A,多次终点ETA一致,是,07:11,,,多次终点ETA一致推算，约±3分钟,3,1,70
浦东35路,沪A02316D,1,08:18,08:18,SHMAAS待发计划,待确认,,运行异常待查,末次同向观测已进入线路末段，存在终点漏采可能,D,证据不足,否,06:40,东靖路张杨北路,10:39,存在终点ETA，但运行轨迹仍需复核,2,1,125
浦东35路,沪A02316D,0,11:20,11:20,SHMAAS待发计划,13:25,125,全程车,未发现可靠中途折返证据,A,终点近站ETA,是,06:40,,,终点近站ETA推算，约±5分钟,2,1,125
浦东35路,沪A05218D,1,08:45,08:45,SHMAAS待发计划,待确认,,运行异常待查,末次同向观测已进入线路末段，存在终点漏采可能,D,证据不足,否,06:40,东高路张杨北路,10:55,存在终点ETA，但运行轨迹仍需复核,5,1,126
浦东35路,沪A05218D,0,11:40,11:40,SHMAAS待发计划,13:46,126,全程车,未发现可靠中途折返证据,A,终点近站ETA,是,06:40,,,终点近站ETA推算，约±5分钟,5,1,126
浦东35路,沪A09172D,1,08:30,08:30,SHMAAS待发计划,10:55,145,全程车,未发现可靠中途折返证据,A,终点近站ETA,是,06:01,,,终点近站ETA推算，约±5分钟,18,1,145
浦东35路,沪A11062A,0,06:36,06:36,SHMAAS待发计划,待确认,,疑似区间车,同车发车85分钟后已反向运行，早于该方向已确认全程最短126分钟的80%阈值（100.7分钟）,D,证据不足,否,06:01,迎春路长柳路,07:52,,,0,
浦东35路,沪A11062A,0,09:24,09:24,SHMAAS待发计划,待确认,,疑似区间车,同车发车67分钟后已反向运行，早于该方向已确认全程最短126分钟的80%阈值（100.7分钟）,D,证据不足,否,06:01,迎春路金松路,10:18,,,0,
浦东35路,沪A36993D,1,06:10,06:10,SHMAAS待发计划,待确认,,运行异常待查,末次同向观测已进入线路末段，存在终点漏采可能,D,证据不足,否,06:01,东靖路东沟路,08:34,存在终点ETA，但运行轨迹仍需复核,14,2,132
浦东35路,沪A36993D,0,08:50,08:50,SHMAAS待发计划,11:03,133,全程车,未发现可靠中途折返证据,B,末次终点ETA,是,06:01,,,末次终点ETA推算，约±10分钟,14,2,132
浦东35路,沪A36993D,0,08:52,08:52,SHMAAS待发计划,11:03,131,全程车,未发现可靠中途折返证据,B,末次终点ETA,是,06:01,,,末次终点ETA推算，约±10分钟,14,2,132
浦东35路,沪A36993D,1,14:45,14:45,SHMAAS待发计划,待确认,,全程车,未发现可靠中途折返证据,D,证据不足,否,06:01,,,,14,2,132
浦东35路,沪A37267D,0,06:54,06:54,SHMAAS待发计划,待确认,,运行异常待查,末次同向观测已进入线路末段，存在终点漏采可能,D,证据不足,否,06:30,康汇路康恩路,09:33,存在终点ETA，但运行轨迹仍需复核,1,1,124
浦东35路,沪A37267D,1,09:47,09:47,SHMAAS待发计划,11:51,124,全程车,未发现可靠中途折返证据,A,终点近站ETA,是,06:30,,,终点近站ETA推算，约±2分钟,1,1,124
浦东35路,沪A37267D,1,11:53,09:50,终点确认到达+2分钟（覆盖计划时间）,待确认,,运行异常待查,末次同向观测已进入线路末段，存在终点漏采可能,D,证据不足,否,06:30,东高路张杨北路,11:51,存在终点ETA，但运行轨迹仍需复核,1,1,124
浦东35路,沪A37267D,0,12:30,12:30,SHMAAS待发计划,待确认,,全程车,未发现可靠中途折返证据,D,证据不足,否,06:30,,,,1,1,124
浦东35路,沪A37823D,0,06:41,06:41,SHMAAS待发计划,待确认,,运行异常待查,末次同向观测已进入线路末段，存在终点漏采可能,D,证据不足,否,06:10,康弘路康汇路,09:21,存在终点ETA，但运行轨迹仍需复核,6,2,126
浦东35路,沪A37823D,1,09:30,09:30,SHMAAS待发计划,11:41,131,全程车,未发现可靠中途折返证据,A,终点近站ETA,是,06:10,,,终点近站ETA推算，约±2分钟,6,2,126
浦东35路,沪A37823D,1,11:43,09:35,终点确认到达+2分钟（覆盖计划时间）,待确认,,全程车,未发现可靠中途折返证据,D,证据不足,否,06:10,,,实际发车晚于原到达估计，原到达估计作废,6,2,126
浦东35路,沪A37823D,1,09:40,09:40,SHMAAS待发计划,11:41,121,全程车,未发现可靠中途折返证据,A,终点近站ETA,是,06:10,,,终点近站ETA推算，约±2分钟,6,2,126
浦东35路,沪A51682D,0,06:26,06:26,SHMAAS待发计划,待确认,,运行异常待查,末次同向观测已进入线路末段，存在终点漏采可能,D,证据不足,否,06:01,康恩路康浦路,08:53,存在终点ETA，但运行轨迹仍需复核,11,2,129.5
浦东35路,沪A51682D,1,09:15,09:15,SHMAAS待发计划,11:28,133,全程车,未发现可靠中途折返证据,A,多次终点ETA一致,是,06:01,,,多次终点ETA一致推算，约±3分钟,11,2,129.5
浦东35路,沪A51682D,1,09:20,09:20,SHMAAS待发计划,待确认,,运行异常待查,末次同向观测已进入线路末段，存在终点漏采可能,D,证据不足,否,06:01,东靖路张杨北路,11:24,存在终点ETA，但运行轨迹仍需复核,11,2,129.5
浦东35路,沪A51682D,0,12:05,12:05,SHMAAS待发计划,14:11,126,全程车,未发现可靠中途折返证据,C,末次终点ETA,是,06:01,,,末次终点ETA推算，约±15分钟,11,2,129.5
浦东35路,沪A55102D,0,07:06,07:06,SHMAAS待发计划,待确认,,运行异常待查,末次同向观测已进入线路末段，存在终点漏采可能,D,证据不足,否,06:40,康汇路康恩路,09:39,存在终点ETA，但运行轨迹仍需复核,3,1,125
浦东35路,沪A55102D,1,10:00,10:00,SHMAAS待发计划,12:05,125,全程车,未发现可靠中途折返证据,A,终点近站ETA,是,06:40,,,终点近站ETA推算，约±5分钟,3,1,125
浦东35路,沪A57051D,1,06:54,06:54,SHMAAS待发计划,待确认,,运行异常待查,末次同向观测已进入线路末段，存在终点漏采可能,D,证据不足,否,06:20,东高路张杨北路,09:41,存在终点ETA，但运行轨迹仍需复核,12,1,131
浦东35路,沪A57051D,0,09:50,09:50,SHMAAS待发计划,待确认,,运行异常待查,末次同向观测已进入线路末段，存在终点漏采可能,D,证据不足,否,06:20,康恩路康浦路,11:57,存在终点ETA，但运行轨迹仍需复核,12,1,131
浦东35路,沪A57051D,1,12:15,12:15,SHMAAS待发计划,14:26,131,全程车,未发现可靠中途折返证据,C,末次终点ETA,是,06:20,,,末次终点ETA推算，约±15分钟,12,1,131
浦东35路,沪A57051D,0,15:00,15:00,SHMAAS待发计划,待确认,,全程车,未发现可靠中途折返证据,D,证据不足,否,06:20,,,,12,1,131
浦东35路,沪A62217D,1,07:12,07:12,SHMAAS待发计划,待确认,,运行异常待查,存在方向切换，但未达到提前反向80%判据,D,证据不足,否,06:50,浦建路杜鹃路,08:35,,,0,
浦东35路,沪A62217D,1,12:40,12:40,SHMAAS待发计划,待确认,,全程车,未发现可靠中途折返证据,D,证据不足,否,06:50,,,,,0,
浦东35路,沪A62880D,1,06:42,06:42,SHMAAS待发计划,待确认,,运行异常待查,末次同向观测已进入线路末段，存在终点漏采可能,D,证据不足,否,06:01,东高路张杨北路,09:12,存在终点ETA，但运行轨迹仍需复核,13,1,131
浦东35路,沪A62880D,0,09:30,09:30,SHMAAS待发计划,11:41,131,全程车,未发现可靠中途折返证据,A,终点近站ETA,是,06:01,,,终点近站ETA推算，约±2分钟,13,1,131
浦东35路,沪A62880D,0,11:43,09:32,终点确认到达+2分钟（覆盖计划时间）,待确认,,全程车,未发现可靠中途折返证据,D,证据不足,否,06:01,,,实际发车晚于原到达估计，原到达估计作废,13,1,131
浦东35路,沪A62880D,1,15:10,15:10,SHMAAS待发计划,待确认,,全程车,未发现可靠中途折返证据,D,证据不足,否,06:01,,,,13,1,131
浦东35路,沪A62981D,0,07:54,07:54,SHMAAS待发计划,待确认,,运行异常待查,末次同向观测已进入线路末段，存在终点漏采可能,D,证据不足,否,07:20,康恩路康浦路,10:15,存在终点ETA，但运行轨迹仍需复核,4,1,125
浦东35路,沪A62981D,1,11:00,11:00,SHMAAS待发计划,13:05,125,全程车,未发现可靠中途折返证据,A,终点近站ETA,是,07:20,,,终点近站ETA推算，约±5分钟,4,1,125
浦东35路,沪A65668D,1,07:06,07:06,SHMAAS待发计划,待确认,,运行异常待查,末次同向观测已进入线路末段，存在终点漏采可能,D,证据不足,否,06:40,东高路张杨北路,09:51,存在终点ETA，但运行轨迹仍需复核,9,2,129
浦东35路,沪A65668D,0,10:00,10:00,SHMAAS待发计划,12:10,130,全程车,未发现可靠中途折返证据,A,多次终点ETA一致,是,06:40,,,多次终点ETA一致推算，约±3分钟,9,2,129
浦东35路,沪A65668D,0,10:02,10:02,SHMAAS待发计划,12:10,128,全程车,未发现可靠中途折返证据,A,多次终点ETA一致,是,06:40,,,多次终点ETA一致推算，约±3分钟,9,2,129
浦东35路,沪A66621D,0,07:18,07:18,SHMAAS待发计划,待确认,,运行异常待查,末次同向观测已进入线路末段，存在终点漏采可能,D,证据不足,否,06:50,康恩路康浦路,09:43,存在终点ETA，但运行轨迹仍需复核,,0,
浦东35路,沪A66621D,1,10:15,10:15,SHMAAS待发计划,待确认,,运行异常待查,末次同向观测已进入线路末段，存在终点漏采可能,D,证据不足,否,06:50,东高路张杨北路,12:21,存在终点ETA，但运行轨迹仍需复核,,0,
浦东35路,沪A66621D,0,12:55,12:55,SHMAAS待发计划,待确认,,全程车,未发现可靠中途折返证据,D,证据不足,否,06:50,,,,,0,
浦东35路,沪A67057D,0,07:30,07:30,SHMAAS待发计划,待确认,,运行异常待查,末次同向观测已进入线路末段，存在终点漏采可能,D,证据不足,否,07:01,康丽路康恩路,09:55,存在终点ETA，但运行轨迹仍需复核,10,1,129
浦东35路,沪A67057D,1,10:30,10:30,SHMAAS待发计划,12:39,129,全程车,未发现可靠中途折返证据,A,多次终点ETA一致,是,07:01,,,多次终点ETA一致推算，约±3分钟,10,1,129
浦东35路,沪A67672D,0,06:10,06:10,SHMAAS待发计划,待确认,,运行异常待查,末次同向观测已进入线路末段，存在终点漏采可能,D,证据不足,否,06:01,康恩路康丽路,08:13,存在终点ETA，但运行轨迹仍需复核,8,1,128
浦东35路,沪A67672D,1,09:00,09:00,SHMAAS待发计划,11:08,128,全程车,未发现可靠中途折返证据,B,末次终点ETA,是,06:01,,,末次终点ETA推算，约±10分钟,8,1,128
浦东35路,沪A67712D,0,07:42,07:42,SHMAAS待发计划,待确认,,运行异常待查,存在方向切换，但未达到提前反向80%判据,D,证据不足,否,06:40,沪南路康桥路,09:30,,,0,
浦东35路,沪A67712D,1,10:45,10:45,SHMAAS待发计划,待确认,,运行异常待查,末次同向观测已进入线路末段，存在终点漏采可能,D,证据不足,否,06:40,东靖路莱阳路,12:55,存在终点ETA，但运行轨迹仍需复核,,0,
浦东35路,沪A67712D,0,13:20,13:20,SHMAAS待发计划,待确认,,全程车,未发现可靠中途折返证据,D,证据不足,否,06:40,,,,,0,
浦东35路,沪A68261D,1,07:24,07:24,SHMAAS待发计划,待确认,,疑似区间车,同车发车97分钟后已反向运行，早于该方向已确认全程最短122分钟的80%阈值（97.5分钟）,D,证据不足,否,07:20,沪南路陈春东路,08:40,,,0,
浦东35路,沪A68261D,1,13:05,13:05,SHMAAS待发计划,待确认,,全程车,未发现可靠中途折返证据,D,证据不足,否,07:20,,,,,0,
浦东35路,沪A68375D,0,08:06,08:06,SHMAAS待发计划,待确认,,运行异常待查,末次同向观测已进入线路末段，存在终点漏采可能,D,证据不足,否,06:40,康恩路康浦路,10:32,存在终点ETA，但运行轨迹仍需复核,,0,
浦东35路,沪A68375D,1,11:15,11:15,SHMAAS待发计划,待确认,,运行异常待查,末次同向观测已进入线路末段，存在终点漏采可能,D,证据不足,否,06:40,浦东大道东波路,13:10,存在终点ETA，但运行轨迹仍需复核,,0,
浦东35路,沪A68375D,0,13:45,13:45,SHMAAS待发计划,待确认,,全程车,未发现可靠中途折返证据,D,证据不足,否,06:40,,,,,0,
浦东35路,沪A68895D,1,08:06,08:06,SHMAAS待发计划,10:35,149,全程车,未发现可靠中途折返证据,A,终点近站ETA,是,06:01,,,终点近站ETA推算，约±5分钟,20,1,149
浦东35路,沪A70597D,1,07:54,07:54,SHMAAS待发计划,待确认,,运行异常待查,末次同向观测已进入线路末段，存在终点漏采可能,D,证据不足,否,07:29,东波路莱阳路,10:14,,,0,
浦东35路,沪A70597D,0,11:00,11:00,SHMAAS待发计划,待确认,,运行异常待查,末次同向观测已进入线路末段，存在终点漏采可能,D,证据不足,否,07:29,康恩路康浦路,13:11,存在终点ETA，但运行轨迹仍需复核,,0,
浦东35路,沪A70597D,1,13:55,13:55,SHMAAS待发计划,待确认,,全程车,未发现可靠中途折返证据,D,证据不足,否,07:29,,,,,0,
浦东35路,沪A71572D,1,07:42,07:42,SHMAAS待发计划,待确认,,运行异常待查,末次同向观测已进入线路末段，存在终点漏采可能,D,证据不足,否,07:20,东靖路莱阳路,10:21,存在终点ETA，但运行轨迹仍需复核,7,1,126
浦东35路,沪A71572D,0,10:40,10:40,SHMAAS待发计划,12:46,126,全程车,未发现可靠中途折返证据,A,多次终点ETA一致,是,07:20,,,多次终点ETA一致推算，约±3分钟,7,1,126
浦东35路,沪A72873D,1,06:31,06:31,SHMAAS待发计划,待确认,,运行异常待查,末次同向观测已进入线路末段，存在终点漏采可能,D,证据不足,否,06:01,东高路张杨北路,09:12,存在终点ETA，但运行轨迹仍需复核,16,2,136.5
浦东35路,沪A72873D,0,09:10,09:10,SHMAAS待发计划,11:28,138,全程车,未发现可靠中途折返证据,A,多次终点ETA一致,是,06:01,,,多次终点ETA一致推算，约±3分钟,16,2,136.5
浦东35路,沪A72873D,0,09:15,09:15,SHMAAS待发计划,待确认,,运行异常待查,末次同向观测已进入线路末段，存在终点漏采可能,D,证据不足,否,06:01,康恩路康丽路,11:21,存在终点ETA，但运行轨迹仍需复核,16,2,136.5
浦东35路,沪A72873D,1,11:50,11:50,SHMAAS待发计划,14:05,135,全程车,未发现可靠中途折返证据,A,终点近站ETA,是,06:01,,,终点近站ETA推算，约±5分钟,16,2,136.5
浦东35路,沪A72873D,0,14:35,14:35,SHMAAS待发计划,待确认,,全程车,未发现可靠中途折返证据,D,证据不足,否,06:01,,,,16,2,136.5
浦东35路,沪A73927D,0,08:30,08:30,SHMAAS待发计划,待确认,,运行异常待查,末次同向观测已进入线路末段，存在终点漏采可能,D,证据不足,否,06:01,康弘路康丽路,10:53,存在终点ETA，但运行轨迹仍需复核,17,1,137
浦东35路,沪A73927D,1,11:25,11:25,SHMAAS待发计划,13:42,137,全程车,未发现可靠中途折返证据,A,终点近站ETA,是,06:01,,,终点近站ETA推算，约±2分钟,17,1,137
浦东35路,沪A73927D,0,14:10,14:10,SHMAAS待发计划,待确认,,全程车,未发现可靠中途折返证据,D,证据不足,否,06:01,,,,17,1,137
浦东35路,沪A79307D,1,12:30,12:30,SHMAAS待发计划,待确认,,疑似区间车,同车发车71分钟后已反向运行，早于该方向已确认全程最短122分钟的80%阈值（97.5分钟）,D,证据不足,否,09:40,浦建路杜鹃路,13:32,,,0,
浦东35路,沪A90275D,1,07:18,07:18,SHMAAS待发计划,待确认,,运行异常待查,末次同向观测已进入线路末段，存在终点漏采可能,D,证据不足,否,07:01,东高路张杨北路,10:05,存在终点ETA，但运行轨迹仍需复核,15,2,134.5
浦东35路,沪A90275D,0,10:10,10:10,SHMAAS待发计划,12:29,139,全程车,未发现可靠中途折返证据,A,多次终点ETA一致,是,07:01,,,多次终点ETA一致推算，约±3分钟,15,2,134.5
浦东35路,沪A90275D,0,10:19,10:19,SHMAAS待发计划,12:29,130,全程车,未发现可靠中途折返证据,A,多次终点ETA一致,是,07:01,,,多次终点ETA一致推算，约±3分钟,15,2,134.5
浦东35路,沪A92076D,1,07:30,07:30,SHMAAS待发计划,待确认,,运行异常待查,末次同向观测已进入线路末段，存在终点漏采可能,D,证据不足,否,07:10,东靖路莱阳路,10:20,存在终点ETA，但运行轨迹仍需复核,,0,
浦东35路,沪A92076D,0,10:30,10:30,SHMAAS待发计划,待确认,,运行异常待查,末次同向观测已进入线路末段，存在终点漏采可能,D,证据不足,否,07:10,康弘路康丽路,12:37,存在终点ETA，但运行轨迹仍需复核,,0,
浦东35路,沪A92076D,1,13:30,13:30,SHMAAS待发计划,待确认,,全程车,未发现可靠中途折返证据,D,证据不足,否,07:10,,,,,0,
浦东35路,沪A95621D,0,08:18,08:18,SHMAAS待发计划,10:44,146,全程车,未发现可靠中途折返证据,A,终点近站ETA,是,06:01,,,终点近站ETA推算，约±5分钟,19,1,146
浦东35路,沪A95621D,1,14:20,14:20,SHMAAS待发计划,待确认,,全程车,未发现可靠中途折返证据,D,证据不足,否,06:01,,,,19,1,146
浦东78路,沪A35172D,0,06:40,06:40,SHMAAS待发计划,待确认,,运行异常待查,末次同向观测已进入线路末段，存在终点漏采可能,D,证据不足,否,06:00,丁香路长柳路,08:34,存在终点ETA，但运行轨迹仍需复核,4,1,83
浦东78路,沪A35172D,1,08:45,08:45,SHMAAS待发计划,待确认,,运行异常待查,末次同向观测已进入线路末段，存在终点漏采可能,D,证据不足,否,06:00,港城路地铁站,10:07,存在终点ETA，但运行轨迹仍需复核,4,1,83
浦东78路,沪A35172D,0,10:45,10:45,SHMAAS待发计划,待确认,,运行异常待查,末次同向观测已进入线路末段，存在终点漏采可能,D,证据不足,否,06:00,丁香路民生路,12:04,存在终点ETA，但运行轨迹仍需复核,4,1,83
浦东78路,沪A35172D,1,12:15,12:15,SHMAAS待发计划,13:38,83,全程车,未发现可靠中途折返证据,A,多次终点ETA一致,是,06:00,,,多次终点ETA一致推算，约±3分钟,4,1,83
浦东78路,沪A35172D,0,14:00,14:00,SHMAAS待发计划,待确认,,全程车,未发现可靠中途折返证据,D,证据不足,否,06:00,,,,4,1,83
浦东78路,沪A35186D,0,07:20,07:20,SHMAAS待发计划,待确认,,运行异常待查,末次同向观测已进入线路末段，存在终点漏采可能,D,证据不足,否,06:50,锦带路迎春路（浦东新区办公中心）,09:03,存在终点ETA，但运行轨迹仍需复核,5,1,83
浦东78路,沪A35186D,1,09:20,09:20,SHMAAS待发计划,待确认,,运行异常待查,末次同向观测已进入线路末段，存在终点漏采可能,D,证据不足,否,06:50,港城路地铁站,10:41,存在终点ETA，但运行轨迹仍需复核,5,1,83
浦东78路,沪A35186D,0,11:35,11:35,SHMAAS待发计划,待确认,,运行异常待查,末次同向观测已进入线路末段，存在终点漏采可能,D,证据不足,否,06:50,锦带路迎春路（浦东新区办公中心）,12:51,存在终点ETA，但运行轨迹仍需复核,5,1,83
浦东78路,沪A35186D,1,13:05,13:05,SHMAAS待发计划,14:28,83,全程车,未发现可靠中途折返证据,A,多次终点ETA一致,是,06:50,,,多次终点ETA一致推算，约±4分钟,5,1,83
浦东78路,沪A35591D,0,06:10,06:10,SHMAAS待发计划,待确认,,运行异常待查,末次同向观测已进入线路末段，存在终点漏采可能,D,证据不足,否,06:00,丁香路长柳路,07:44,存在终点ETA，但运行轨迹仍需复核,11,1,89
浦东78路,沪A35591D,1,08:03,08:03,SHMAAS待发计划,09:32,89,全程车,未发现可靠中途折返证据,A,终点近站ETA,是,06:00,,,终点近站ETA推算，约±5分钟,11,1,89
浦东78路,沪A35591D,0,14:20,14:20,SHMAAS待发计划,待确认,,全程车,未发现可靠中途折返证据,D,证据不足,否,06:00,,,,11,1,89
浦东78路,沪A36809D,1,07:45,07:45,SHMAAS待发计划,待确认,,运行异常待查,末次同向观测已进入线路末段，存在终点漏采可能,D,证据不足,否,06:00,港城路地铁站,09:21,存在终点ETA，但运行轨迹仍需复核,3,1,81
浦东78路,沪A36809D,0,09:55,09:55,SHMAAS待发计划,待确认,,运行异常待查,末次同向观测已进入线路末段，存在终点漏采可能,D,证据不足,否,06:00,丁香路民生路,11:16,存在终点ETA，但运行轨迹仍需复核,3,1,81
浦东78路,沪A36809D,1,11:25,11:25,SHMAAS待发计划,待确认,,运行异常待查,末次同向观测已进入线路末段，存在终点漏采可能,D,证据不足,否,06:00,港城路地铁站,12:46,存在终点ETA，但运行轨迹仍需复核,3,1,81
浦东78路,沪A36809D,0,13:15,13:15,SHMAAS待发计划,14:36,81,全程车,未发现可靠中途折返证据,A,多次终点ETA一致,是,06:00,,,多次终点ETA一致推算，约±3分钟,3,1,81
浦东78路,沪A36809D,1,15:00,15:00,SHMAAS待发计划,待确认,,全程车,未发现可靠中途折返证据,D,证据不足,否,06:00,,,,3,1,81
浦东78路,沪A36930D,1,08:35,08:35,SHMAAS待发计划,10:01,86,全程车,未发现可靠中途折返证据,A,终点近站ETA,是,07:29,,,终点近站ETA推算，约±2分钟,9,1,86
浦东78路,沪A51173D,0,06:55,06:55,SHMAAS待发计划,待确认,,运行异常待查,末次同向观测已进入线路末段，存在终点漏采可能,D,证据不足,否,06:20,丁香路民生路,08:45,存在终点ETA，但运行轨迹仍需复核,2,2,79.5
浦东78路,沪A51173D,1,08:55,08:55,SHMAAS待发计划,10:16,81,全程车,未发现可靠中途折返证据,B,末次终点ETA,是,06:20,,,末次终点ETA推算，约±10分钟,2,2,79.5
浦东78路,沪A51173D,1,08:57,08:57,SHMAAS待发计划,待确认,,运行异常待查,末次同向观测已进入线路末段，存在终点漏采可能,D,证据不足,否,06:20,港城路地铁站,10:16,存在终点ETA，但运行轨迹仍需复核,2,2,79.5
浦东78路,沪A51173D,0,11:10,11:10,SHMAAS待发计划,待确认,,运行异常待查,末次同向观测已进入线路末段，存在终点漏采可能,D,证据不足,否,06:20,锦带路迎春路（浦东新区办公中心）,12:24,存在终点ETA，但运行轨迹仍需复核,2,2,79.5
浦东78路,沪A51173D,1,12:40,12:40,SHMAAS待发计划,13:58,78,全程车,未发现可靠中途折返证据,A,多次终点ETA一致,是,06:20,,,多次终点ETA一致推算，约±3分钟,2,2,79.5
浦东78路,沪A51173D,0,14:35,14:35,SHMAAS待发计划,待确认,,全程车,未发现可靠中途折返证据,D,证据不足,否,06:20,,,,2,2,79.5
浦东78路,沪A52736D,0,07:30,07:30,SHMAAS待发计划,09:22,112,全程车,未发现可靠中途折返证据,A,终点近站ETA,是,06:20,,,终点近站ETA推算，约±5分钟,13,1,112
浦东78路,沪A52736D,0,07:42,07:42,SHMAAS待发计划,待确认,,运行异常待查,末次同向观测已进入线路末段，存在终点漏采可能,D,证据不足,否,06:20,锦带路迎春路（浦东新区办公中心）,09:22,存在终点ETA，但运行轨迹仍需复核,13,1,112
浦东78路,沪A52736D,1,09:30,09:30,SHMAAS待发计划,待确认,,运行异常待查,末次同向观测已进入线路末段，存在终点漏采可能,D,证据不足,否,06:20,和龙路草高支路,10:45,存在终点ETA，但运行轨迹仍需复核,13,1,112
浦东78路,沪A52736D,0,12:00,12:00,SHMAAS待发计划,待确认,,运行异常待查,末次同向观测已进入线路末段，存在终点漏采可能,D,证据不足,否,06:20,锦带路迎春路（浦东新区办公中心）,13:24,存在终点ETA，但运行轨迹仍需复核,13,1,112
浦东78路,沪A52736D,1,13:30,13:30,SHMAAS待发计划,14:50,80,全程车,未发现可靠中途折返证据,D,末次终点ETA,否,06:20,,,末次终点ETA推算，约±20分钟,13,1,112
浦东78路,沪A53629D,0,07:55,07:55,SHMAAS待发计划,09:26,91,全程车,未发现可靠中途折返证据,A,终点近站ETA,是,07:00,,,终点近站ETA推算，约±5分钟,8,2,85.5
浦东78路,沪A53629D,0,08:06,08:06,SHMAAS待发计划,09:26,80,全程车,未发现可靠中途折返证据,A,终点近站ETA,是,07:00,,,终点近站ETA推算，约±5分钟,8,2,85.5
浦东78路,沪A55150D,1,06:50,06:50,SHMAAS待发计划,待确认,,运行异常待查,末次同向观测已进入线路末段，存在终点漏采可能,D,证据不足,否,06:30,大同路石家街（市七医院）,08:22,存在终点ETA，但运行轨迹仍需复核,,0,
浦东78路,沪A55150D,0,08:30,08:30,SHMAAS待发计划,待确认,,运行异常待查,末次同向观测已进入线路末段，存在终点漏采可能,D,证据不足,否,06:30,锦带路迎春路（浦东新区办公中心）,10:03,存在终点ETA，但运行轨迹仍需复核,,0,
浦东78路,沪A55150D,1,10:20,10:20,SHMAAS待发计划,待确认,,全程车,未发现可靠中途折返证据,D,证据不足,否,06:30,,,,,0,
浦东78路,沪A55207D,0,07:54,07:54,SHMAAS待发计划,09:39,105,全程车,未发现可靠中途折返证据,B,末次终点ETA,是,06:20,,,末次终点ETA推算，约±10分钟,12,1,105
浦东78路,沪A55207D,0,08:06,08:06,SHMAAS待发计划,待确认,,运行异常待查,末次同向观测已进入线路末段，存在终点漏采可能,D,证据不足,否,06:20,丁香路民生路,09:36,存在终点ETA，但运行轨迹仍需复核,12,1,105
浦东78路,沪A55207D,1,09:45,09:45,SHMAAS待发计划,待确认,,运行异常待查,末次同向观测已进入线路末段，存在终点漏采可能,D,证据不足,否,06:20,港城路地铁站,11:11,存在终点ETA，但运行轨迹仍需复核,12,1,105
浦东78路,沪A56123D,0,06:25,06:25,SHMAAS待发计划,待确认,,运行异常待查,末次同向观测已进入线路末段，存在终点漏采可能,D,证据不足,否,06:00,芳甸路杨高中路,08:11,存在终点ETA，但运行轨迹仍需复核,,0,
浦东78路,沪A56123D,1,08:21,08:21,SHMAAS待发计划,待确认,,运行异常待查,末次同向观测已进入线路末段，存在终点漏采可能,D,证据不足,否,06:00,和龙路花山路,09:41,存在终点ETA，但运行轨迹仍需复核,,0,
浦东78路,沪A56123D,0,10:20,10:20,SHMAAS待发计划,待确认,,运行异常待查,末次同向观测已进入线路末段，存在终点漏采可能,D,证据不足,否,06:00,锦带路迎春路（浦东新区办公中心）,11:41,存在终点ETA，但运行轨迹仍需复核,,0,
浦东78路,沪A56123D,1,11:50,11:50,SHMAAS待发计划,待确认,,运行异常待查,末次同向观测已进入线路末段，存在终点漏采可能,D,证据不足,否,06:00,港城路地铁站,13:17,存在终点ETA，但运行轨迹仍需复核,,0,
浦东78路,沪A56123D,0,13:40,13:40,SHMAAS待发计划,待确认,,全程车,未发现可靠中途折返证据,D,证据不足,否,06:00,,,,,0,
浦东78路,沪A56630D,1,07:15,07:15,SHMAAS待发计划,待确认,,运行异常待查,末次同向观测已进入线路末段，存在终点漏采可能,D,证据不足,否,06:50,和龙路花山路,08:52,存在终点ETA，但运行轨迹仍需复核,7,1,85
浦东78路,沪A56630D,0,09:10,09:10,SHMAAS待发计划,10:35,85,全程车,未发现可靠中途折返证据,A,终点近站ETA,是,06:50,,,终点近站ETA推算，约±5分钟,7,1,85
浦东78路,沪A56630D,0,09:15,09:15,SHMAAS待发计划,待确认,,运行异常待查,末次同向观测已进入线路末段，存在终点漏采可能,D,证据不足,否,06:50,丁香路合欢路,10:34,存在终点ETA，但运行轨迹仍需复核,7,1,85
浦东78路,沪A56630D,1,10:45,10:45,SHMAAS待发计划,待确认,,全程车,未发现可靠中途折返证据,D,证据不足,否,06:50,,,,7,1,85
浦东78路,沪A57022D,1,06:40,06:40,SHMAAS待发计划,待确认,,运行异常待查,末次同向观测已进入线路末段，存在终点漏采可能,D,证据不足,否,06:30,和龙路草高支路,08:11,存在终点ETA，但运行轨迹仍需复核,,0,
浦东78路,沪A57022D,0,08:18,08:18,SHMAAS待发计划,待确认,,运行异常待查,末次同向观测已进入线路末段，存在终点漏采可能,D,证据不足,否,06:30,丁香路合欢路,09:47,存在终点ETA，但运行轨迹仍需复核,,0,
浦东78路,沪A57022D,1,10:10,10:10,SHMAAS待发计划,待确认,,运行异常待查,末次同向观测已进入线路末段，存在终点漏采可能,D,证据不足,否,06:30,和龙路花山路,11:27,存在终点ETA，但运行轨迹仍需复核,,0,
浦东78路,沪A57022D,0,12:25,12:25,SHMAAS待发计划,待确认,,运行异常待查,末次同向观测已进入线路末段，存在终点漏采可能,D,证据不足,否,06:30,丁香路民生路,13:42,存在终点ETA，但运行轨迹仍需复核,,0,
浦东78路,沪A57022D,1,13:55,13:55,SHMAAS待发计划,待确认,,全程车,未发现可靠中途折返证据,D,证据不足,否,06:30,,,,,0,
浦东78路,沪A57902D,0,07:30,07:30,SHMAAS待发计划,09:04,94,全程车,未发现可靠中途折返证据,A,终点近站ETA,是,07:20,,,终点近站ETA推算，约±5分钟,10,2,88
浦东78路,沪A57902D,0,07:42,07:42,SHMAAS待发计划,09:04,82,全程车,未发现可靠中途折返证据,A,终点近站ETA,是,07:20,,,终点近站ETA推算，约±5分钟,10,2,88
浦东78路,沪A57902D,1,14:45,14:45,SHMAAS待发计划,待确认,,全程车,未发现可靠中途折返证据,D,证据不足,否,07:20,,,,10,2,88
浦东78路,沪A58633D,1,07:00,07:00,SHMAAS待发计划,待确认,,运行异常待查,末次同向观测已进入线路末段，存在终点漏采可能,D,证据不足,否,06:30,大同路石家街（市七医院）,08:24,存在终点ETA，但运行轨迹仍需复核,6,1,84
浦东78路,沪A58633D,0,08:50,08:50,SHMAAS待发计划,待确认,,运行异常待查,末次同向观测已进入线路末段，存在终点漏采可能,D,证据不足,否,06:30,锦带路迎春路（浦东新区办公中心）,10:15,存在终点ETA，但运行轨迹仍需复核,6,1,84
浦东78路,沪A58633D,1,10:35,10:35,SHMAAS待发计划,待确认,,运行异常待查,末次同向观测已进入线路末段，存在终点漏采可能,D,证据不足,否,06:30,大同路和龙路,11:50,存在终点ETA，但运行轨迹仍需复核,6,1,84
浦东78路,沪A58633D,0,12:50,12:50,SHMAAS待发计划,14:14,84,全程车,未发现可靠中途折返证据,A,多次终点ETA一致,是,06:30,,,多次终点ETA一致推算，约±3分钟,6,1,84
浦东78路,沪A58633D,1,14:20,14:20,SHMAAS待发计划,待确认,,全程车,未发现可靠中途折返证据,D,证据不足,否,06:30,,,,6,1,84
浦东78路,沪A59117D,1,07:30,07:30,SHMAAS待发计划,待确认,,运行异常待查,末次同向观测已进入线路末段，存在终点漏采可能,D,证据不足,否,07:00,和龙路花山路,08:53,存在终点ETA，但运行轨迹仍需复核,1,1,71
浦东78路,沪A59117D,0,09:30,09:30,SHMAAS待发计划,待确认,,运行异常待查,末次同向观测已进入线路末段，存在终点漏采可能,D,证据不足,否,07:00,芳甸路杨高中路,10:40,存在终点ETA，但运行轨迹仍需复核,1,1,71
浦东78路,沪A59117D,1,11:00,11:00,SHMAAS待发计划,12:11,71,全程车,未发现可靠中途折返证据,A,终点近站ETA,是,07:00,,,终点近站ETA推算，约±2分钟,1,1,71
浦东78路,沪A66391D,0,07:10,07:10,SHMAAS待发计划,待确认,,运行异常待查,末次同向观测已进入线路末段，存在终点漏采可能,D,证据不足,否,06:30,锦带路迎春路（浦东新区办公中心）,08:51,存在终点ETA，但运行轨迹仍需复核,,0,
浦东78路,沪A66391D,1,09:10,09:10,SHMAAS待发计划,待确认,,运行异常待查,末次同向观测已进入线路末段，存在终点漏采可能,D,证据不足,否,06:30,和龙路清溪路,10:23,存在终点ETA，但运行轨迹仍需复核,,0,
